{"cameraMode":{"drawMode":0,"name":"Shaded","section":"Shading Mode"},"sceneLighting":false,"audioPlay":false,"sceneViewState":{"m_AlwaysRefresh":false,"showFog":true,"showSkybox":true,"showFlares":true,"showImageEffects":true,"showParticleSystems":true,"showVisualEffectGraphs":true,"m_FxEnabled":true},"in2DMode":false,"pivot":{"x":-56.00334548950195,"y":18.725187301635743,"z":-19.96213722229004},"rotation":{"x":0.15612073242664338,"y":0.3923744559288025,"z":-0.06772255897521973,"w":0.9039789438247681},"size":0.10437003523111344,"orthographic":false}