{"cameraMode":{"drawMode":0,"name":"Shaded","section":"Shading Mode"},"sceneLighting":false,"audioPlay":false,"sceneViewState":{"m_AlwaysRefresh":false,"showFog":true,"showSkybox":true,"showFlares":true,"showImageEffects":true,"showParticleSystems":true,"showVisualEffectGraphs":true,"m_FxEnabled":true},"in2DMode":false,"pivot":{"x":113.24636840820313,"y":-35.763431549072269,"z":137.49635314941407},"rotation":{"x":0.10154766589403153,"y":0.39706891775131228,"z":-0.04425603896379471,"w":0.9110820293426514},"size":103.86714172363281,"orthographic":false}