{"cameraMode":{"drawMode":0,"name":"Shaded","section":"Shading Mode"},"sceneLighting":false,"audioPlay":false,"sceneViewState":{"m_AlwaysRefresh":false,"showFog":true,"showSkybox":true,"showFlares":true,"showImageEffects":true,"showParticleSystems":true,"showVisualEffectGraphs":true,"m_FxEnabled":true},"in2DMode":false,"pivot":{"x":-50.209659576416019,"y":17.08723258972168,"z":-17.567476272583009},"rotation":{"x":0.25253772735595705,"y":0.40345829725265505,"z":-0.11689046025276184,"w":0.8716570138931274},"size":0.8660253882408142,"orthographic":false}