{"cameraMode":{"drawMode":0,"name":"Shaded","section":"Shading Mode"},"sceneLighting":false,"audioPlay":false,"sceneViewState":{"m_AlwaysRefresh":false,"showFog":true,"showSkybox":true,"showFlares":true,"showImageEffects":true,"showParticleSystems":true,"showVisualEffectGraphs":true,"m_FxEnabled":true},"in2DMode":false,"pivot":{"x":-17.909000396728517,"y":5.493041038513184,"z":19.538726806640626},"rotation":{"x":0.24324823915958405,"y":0.046538468450307849,"z":-0.011684599332511425,"w":0.9687870144844055},"size":2.350939989089966,"orthographic":false}